Row.names	Gene_symbol	Gene_type	baseMean	log2FoldChange	lfcSE	stat	pvalue	padj
ENSMUST00000170715	Rps2	protein_coding	779.905014114251	-13.1325787958263	1.02977393892384	-12.7528754607545	0.000000000000000000000000000000000000300454793554759	0.000000000000000000000000000000000169135563217223
ENSMUST00000118499	Rps6-ps4	processed_pseudogene	662.712788225495	-12.8966374121025	1.05966701607772	-12.1704622456199	0.000000000000000000000000000000000446546492474253	0.000000000000000000000000000000201100183128996
ENSMUST00000117870	Hspa8	protein_coding	660.242393649945	-12.8917061381714	1.03384020649564	-12.4697279687639	0.0000000000000000000000000000000000109198189619525	0.00000000000000000000000000000000551985705854288
ENSMUST00000171384	Tm4sf1	protein_coding	459.841052214378	-12.3693383087337	1.03116998000382	-11.9954406631271	0.00000000000000000000000000000000375413841178338	0.00000000000000000000000000000152436482494201
ENSMUST00000031243	Spp1	protein_coding	384.11435827872	-12.1077791904982	1.03952629302924	-11.6474006205417	0.000000000000000000000000000000236564986637543	0.0000000000000000000000000000849199732467435
ENSMUST00000008812	Rps18	protein_coding	358.743693328057	-12.0127897620977	1.04615532608015	-11.4827974992094	0.00000000000000000000000000000160985927410143	0.000000000000000000000000000553813949447475
ENSMUST00000046745	Tgtp2	protein_coding	315.084423749561	-11.8231232922229	1.10455751597546	-10.7039453547891	0.00000000000000000000000000975349271690844	0.0000000000000000000000026547721000561
ENSMUST00000106701	Scp2	protein_coding	269.731974399261	-11.6017121281385	1.05058067802807	-11.0431424932684	0.00000000000000000000000000023661051295404	0.0000000000000000000000000719092735626826
ENSMUST00000166939	Adgre5	protein_coding	202.228181169969	-11.1856334141768	1.07046621742499	-10.4493100595774	0.000000000000000000000000147595013828996	0.0000000000000000000000376884628611382
ENSMUST00000170248	Frem1	protein_coding	182.172619410173	-11.033602620145	1.05763962367664	-10.4322893858583	0.000000000000000000000000176581612000184	0.0000000000000000000000444035527678433
ENSMUST00000174745	Rps18	protein_coding	158.996693162953	-10.8387994615497	1.06810611350684	-10.1476803891361	0.00000000000000000000000339332825263959	0.00000000000000000000076929604286974
ENSMUST00000118574	Naip6	protein_coding	144.677555306331	-10.6992359674193	1.03820577966742	-10.3055060730318	0.000000000000000000000000665405231650358	0.00000000000000000000015924079403621
ENSMUST00000119570	Tpm3	protein_coding	128.998433246928	-10.5332268267853	1.15900626037541	-9.08815352159834	0.000000000000000000100735229032584	0.0000000000000000159943005635133
ENSMUST00000015800	Hspa8	protein_coding	1218.64333559491	-10.1846820539874	1.40682133832063	-7.2394992715601	0.000000000000450344299838304	0.0000000000373687703942879
ENSMUST00000075453	Rpl21	protein_coding	1360.33660410239	-10.1805448621404	0.500383804341123	-20.3454723630505	0.0000000000000000000000000000000000000000000000000000000000000000000000000000000000000000000509191794649211	0.00000000000000000000000000000000000000000000000000000000000000000000000000000000000000019403340864102
ENSMUST00000106839	Trim12a	protein_coding	90.7864569866846	-10.0325804118006	1.0821611079534	-9.27087504629913	0.0000000000000000000184624961012506	0.00000000000000000315377631677155
ENSMUST00000140400	Cd55	protein_coding	89.6022798604544	-10.0079025172449	1.04403154285128	-9.585823901367	0.000000000000000000000917226206243839	0.000000000000000000168912831988503
ENSMUST00000165537	Apobec3	protein_coding	88.4362662904375	-9.99544863193719	1.04446594505286	-9.56991338902034	0.00000000000000000000106995268597192	0.000000000000000000195584192463753
ENSMUST00000125990	Prx	protein_coding	86.3437811278127	-9.95632068890461	2.69625026100189	-3.69265451093734	0.00022192542312567	0.00367437888061479
ENSMUST00000105169	Gm4294	processed_pseudogene	74.0171339376237	-9.73274115598892	1.78263133251916	-5.45976107254602	0.0000000476775767337669	0.00000197149565629161
ENSMUST00000108981	Gm14305	protein_coding	72.1016358224245	-9.69384007494994	1.2470066921608	-7.77368729124667	0.00000000000000762337995787657	0.000000000000777051432825698
ENSMUST00000113836	Zfp638	protein_coding	71.1071854948165	-9.67802201936287	1.05750730239997	-9.15173067590079	0.0000000000000000000560286252791217	0.00000000000000000919054979826865
ENSMUST00000094476	Gm12185	protein_coding	68.7933546973372	-9.62586432707566	1.0798667075518	-8.9139374885432	0.000000000000000000492515984309441	0.0000000000000000740537628670972
ENSMUST00000090973	Nes	protein_coding	1004.75771299819	-9.61321228401555	1.40799150210556	-6.82760675021096	0.00000000000863428754997417	0.000000000628084194787989
ENSMUST00000073605	Gapdh	protein_coding	65.1391608905366	-9.55084630446665	1.39490858797567	-6.84693347420499	0.00000000000754497819440273	0.000000000556195133622504
ENSMUST00000109594	Slc1a4	protein_coding	64.6689945151627	-9.53901239738635	2.72265106495606	-3.50357507069687	0.000459057242808892	0.00668846402772555
ENSMUST00000121979	Cep135	protein_coding	64.0789802658575	-9.52258112891456	1.13027612399876	-8.42500423279311	0.0000000000000000360737207832212	0.00000000000000456908494176021
ENSMUST00000146003	Mrpl48	protein_coding	61.3785278253561	-9.46845700955139	1.06891908041973	-8.85797361371214	0.00000000000000000081481996192568	0.00000000000000011906947278429
ENSMUST00000177946	Prom1	protein_coding	61.6443338836284	-9.46828339059233	1.15417729957323	-8.20349126091229	0.000000000000000233504640902064	0.0000000000000274107888649441
ENSMUST00000168254	Ifit1bl1	protein_coding	61.2984660258137	-9.46582027793517	1.06259833115525	-8.90818289507756	0.000000000000000000518757691789768	0.0000000000000000776381224648988
ENSMUST00000110251	Eci2	protein_coding	57.3685176350764	-9.3695796465764	1.20215005474478	-7.79401840027833	0.00000000000000649110885408267	0.000000000000668516736826502
ENSMUST00000173920	Egfl7	protein_coding	56.6069172891439	-9.34613845492531	1.48196783080359	-6.3065730987274	0.000000000285281274760235	0.0000000168041186552587
ENSMUST00000105720	2610305D13Rik	protein_coding	52.4318468840218	-9.23543247320699	1.0682404069721	-8.64546258775639	0.00000000000000000535877551604952	0.000000000000000725308801950987
ENSMUST00000118875	Gapdh	protein_coding	51.4446912765207	-9.20961103327815	2.69909567261786	-3.41210988802991	0.000644621214343538	0.0088876275302394
ENSMUST00000166104	Mocs2	protein_coding	48.6262365957579	-9.12838848225104	1.30009968799403	-7.02129887926943	0.00000000000219815064052648	0.000000000170677094718497
ENSMUST00000130169	Ube3b	protein_coding	45.8742118503698	-9.04461965806774	1.25824144890227	-7.18830210684804	0.000000000000656019814367078	0.0000000000535385660034865
ENSMUST00000131759	Relb	protein_coding	45.6544239639867	-9.0317403586025	1.17456274496693	-7.68944902884418	0.0000000000000147769989802393	0.00000000000146112370355907
ENSMUST00000109607	Cpne1	protein_coding	74.8194946383298	-9.02228377182623	1.16244828149383	-7.76144961927419	0.00000000000000839640734051581	0.000000000000854088761467089
ENSMUST00000052374	Rangap1	protein_coding	42.5065521890942	-8.93490617898011	1.88092986619824	-4.75026014502042	0.00000203155129872545	0.0000587501390754589
ENSMUST00000175912	Ctage5	protein_coding	42.3694528682536	-8.9283156830451	1.90782108900551	-4.67984955953033	0.00000287085494354354	0.0000802123024214664
ENSMUST00000118694	Chid1	protein_coding	41.9460411374458	-8.91312036127251	1.60581811819798	-5.55051674922853	0.0000000284826419678863	0.00000122162174701745
ENSMUST00000126807	Gm14308	protein_coding	40.0523879854537	-8.84555011639402	1.09546715368899	-8.07468310355687	0.000000000000000676521113945482	0.000000000000077058777111563
ENSMUST00000168352	Adgrl2	protein_coding	39.5301117333092	-8.82163774071683	1.096562615206	-8.04480986164171	0.000000000000000863794318951079	0.0000000000000974729908250537
ENSMUST00000079443	Mid1	protein_coding	38.8244227203192	-8.8061867173971	1.06398340725913	-8.27662034700541	0.000000000000000126720431453808	0.0000000000000155383087459375
ENSMUST00000122309	Gm13157	protein_coding	103.965078198296	-8.78653438087528	1.05171156885763	-8.35450958328738	0.0000000000000000657051141173459	0.00000000000000824025302062045
ENSMUST00000160032	Gm16199	processed_pseudogene	36.790184494599	-8.73194903106697	1.06413627793492	-8.20566802591516	0.00000000000000022931223653804	0.0000000000000269825880608585
ENSMUST00000145657	Ube4a	protein_coding	35.4787167495654	-8.67294600590266	1.08774721561663	-7.97331023365212	0.00000000000000154479740709391	0.000000000000170058164339151
ENSMUST00000117748	Ifnar1	protein_coding	57.3175371935695	-8.6402485153156	1.0476647304554	-8.24715031836558	0.000000000000000162216316402982	0.0000000000000197927878866279
ENSMUST00000177591	Erdr1	protein_coding	34.7548510013387	-8.63636083174615	1.14523994341651	-7.54109292239834	0.0000000000000466048866615214	0.00000000000438918797611872
ENSMUST00000155094	Sp100	protein_coding	34.2972876863226	-8.62265998119289	1.95793647959235	-4.40395287133531	0.0000106296044799907	0.000257617097225919
ENSMUST00000080202	Sirt7	protein_coding	33.8050882854721	-8.61043843007306	1.12164149233001	-7.67664043186063	0.0000000000000163315003430629	0.00000000000161161327488974
ENSMUST00000103057	Dido1	protein_coding	33.6736161728495	-8.60268151626439	1.18991476515325	-7.22966196251583	0.000000000000484197739650775	0.0000000000400437189095494
ENSMUST00000041633	Tap1	protein_coding	33.7501118192688	-8.60052382631912	1.29844219959944	-6.62372482115284	0.0000000000350258540808889	0.00000000238339390035587
ENSMUST00000022788	C6	protein_coding	33.6809277769793	-8.5972123050859	1.71521335355341	-5.01232822568403	0.000000537753738821023	0.0000177479690431406
ENSMUST00000041460	Nrip3	protein_coding	32.9757306470543	-8.56994965357899	1.09024373741315	-7.8605814089913	0.00000000000000382354524855527	0.000000000000407335020479421
ENSMUST00000170802	Mapre2	protein_coding	32.2250134992915	-8.53983088578695	1.18391046413142	-7.21324048102933	0.000000000000546357997617427	0.0000000000448104014668412
ENSMUST00000114888	Hmga1	protein_coding	31.697499654988	-8.50643174380659	1.09229134576184	-7.78769490100977	0.00000000000000682427242183454	0.000000000000701370969362738
ENSMUST00000112475	Lrrc23	protein_coding	30.762974020957	-8.47166151357577	1.12154058527897	-7.55359335611427	0.0000000000000423410763162237	0.0000000000040258968110424
ENSMUST00000163516	Nedd4l	protein_coding	76.9898367801198	-8.17250180846645	2.68997555934421	-3.03813236520961	0.00238049367477697	0.0255913402042321
ENSMUST00000028937	9230104L09Rik	protein_coding	97.2854351562261	-8.14681834011478	0.863900638523195	-9.43027239109518	0.0000000000000000000040902536961384	0.000000000000000000721078247684356
ENSMUST00000067252	Piezo1	protein_coding	68.9250108617237	-8.10235293975028	1.83480641052472	-4.41591706529583	0.0000100582645434489	0.000246194023525262
ENSMUST00000104958	Psme2b	protein_coding	117.961883518242	-8.01893563991853	0.748571548821909	-10.7123168821185	0.00000000000000000000000000891034820819242	0.00000000000000000000000243867861622893
ENSMUST00000024888	Pja2	protein_coding	46.4762083476168	-7.77811528417389	1.93777520907204	-4.01394096062292	0.0000597132883698489	0.00118275764864677
ENSMUST00000094156	Fam183b	protein_coding	74.4934960949677	-7.73108135899724	0.886137421835787	-8.72447226411111	0.00000000000000000267424824796052	0.000000000000000370047233819744
ENSMUST00000129493	Pirb	protein_coding	68.4812810230257	-7.6156914098948	0.887019699251191	-8.58570719040835	0.00000000000000000902793404415059	0.00000000000000119899677393869
ENSMUST00000098979	Cep295	protein_coding	61.4307265347973	-7.4115781554647	0.94815770745057	-7.81682002606205	0.00000000000000541744728188158	0.000000000000563801477835819
ENSMUST00000034865	Cyp1a1	protein_coding	386.04155448495	-7.2411820643114	2.0614694956804	-3.51263119802868	0.000443692885830858	0.0065024420740724
ENSMUST00000065588	Gbp10	protein_coding	33.8784327145154	-7.19276993323195	1.19011729161419	-6.0437487833457	0.00000000150573902975478	0.0000000792681190818198
ENSMUST00000105522	H60b	protein_coding	33.0313170989991	-7.13136444304659	1.0233541929339	-6.96861799393365	0.00000000000320069476058092	0.00000000024430819268052
ENSMUST00000050780	Cml3	protein_coding	32.1883927417402	-7.08162207096115	1.09828606221966	-6.44788485856684	0.000000000113421877716101	0.00000000721269958703491
ENSMUST00000032473	Iigp1	protein_coding	289.995950626798	-7.05486469294489	1.72823011751481	-4.08213270990194	0.0000446243014666391	0.000916120450084694
ENSMUST00000028224	Gapvd1	protein_coding	159.965986579803	-6.97051788995855	0.607211256398617	-11.4795597356031	0.00000000000000000000000000000167129369021798	0.000000000000000000000000000570983081558745
ENSMUST00000117757	Gapdh	protein_coding	351.956719700959	-6.86878746103454	0.433254349427794	-15.8539376929655	0.0000000000000000000000000000000000000000000000000000000132041492361199	0.0000000000000000000000000000000000000000000000000000186887755673974
ENSMUST00000066912	Iigp1	protein_coding	527.000508341506	-6.80054512089574	0.468182489861208	-14.5254153415941	0.00000000000000000000000000000000000000000000000836338347634466	0.00000000000000000000000000000000000000000000812363315002278
ENSMUST00000171546	Nlrp1c-ps	transcribed_unprocessed_pseudogene	49.5377048286733	-6.79178898263913	0.812870501305739	-8.35531486470387	0.0000000000000000652584086051683	0.00000000000000820500265350972
ENSMUST00000162038	A630001G21Rik	protein_coding	32.9604957318414	-6.60382903692394	0.894228094129887	-7.38494918720898	0.000000000000152511621637204	0.0000000000135639510101684
ENSMUST00000154728	Guf1	protein_coding	42.7039341804971	-6.49408373144763	0.788141856765813	-8.23973968099663	0.000000000000000172585745456259	0.0000000000000206013317070172
ENSMUST00000104937	Ankrd63	protein_coding	102.947398151373	-6.49156841612607	0.587185321446145	-11.0553996822304	0.000000000000000000000000000206415376544511	0.000000000000000000000000063119783476926
ENSMUST00000163832	Gbe1	protein_coding	211.305577575358	-6.44048256008391	1.77125142149438	-3.63611991043607	0.00027677553252913	0.00441290837799423
ENSMUST00000177565	CT868723.1	protein_coding	66.5188104363001	-6.32504187797393	0.610725494993676	-10.3566036293268	0.000000000000000000000000390585604009645	0.0000000000000000000000957862854031178
ENSMUST00000020687	Pttg1	protein_coding	61.7531149342604	-6.24753163416922	1.0059898348073	-6.21033276679773	0.000000000528725173984074	0.0000000296625001911926
ENSMUST00000113314	Sult1d1	protein_coding	191.631687455342	-6.23682830325814	0.892842752687509	-6.98536028263087	0.00000000000284125895202888	0.000000000218556344667091
ENSMUST00000079132	Chia1	protein_coding	239.814896433456	-6.08253727316058	0.424162385557676	-14.3401147302664	0.000000000000000000000000000000000000000000000122852185833904	0.000000000000000000000000000000000000000000112700955219258
ENSMUST00000142641	Trim12a	protein_coding	51.0511570258598	-5.97520712216965	0.639507775342432	-9.34344718321862	0.00000000000000000000932476552823826	0.00000000000000000160951301302393
ENSMUST00000108430	Rps19	protein_coding	50.7298561806229	-5.88195353856044	0.83020292308832	-7.08495883955675	0.00000000000139085634742922	0.000000000110594288505536
ENSMUST00000036374	Phb	protein_coding	47.9626397530881	-5.87804184544564	0.642726666049461	-9.1454768503308	0.0000000000000000000593673637774178	0.00000000000000000970607414787367
ENSMUST00000093153	9930111J21Rik1	protein_coding	115.082071251592	-5.69668547427665	0.413592078875479	-13.7736812797901	0.000000000000000000000000000000000000000000367023856992494	0.000000000000000000000000000000000000000284087934807722
ENSMUST00000071069	Trim30d	protein_coding	154.651192422878	-5.67463747994593	0.350605568682522	-16.1852462904957	0.0000000000000000000000000000000000000000000000000000000000640929131281666	0.0000000000000000000000000000000000000000000000000000000962131736528217
ENSMUST00000093152	9930111J21Rik2	protein_coding	92.2156342279583	-5.37313619084225	0.447907030027485	-11.9960970260113	0.00000000000000000000000000000000372449491616832	0.00000000000000000000000000000152436482494201
ENSMUST00000115804	Pdxdc1	protein_coding	318.647411877477	-5.35785412565994	0.366544857353728	-14.6171853680911	0.00000000000000000000000000000000000000000000000218237646326986	0.00000000000000000000000000000000000000000000216221130474925
ENSMUST00000178995	Gm21092	protein_coding	97.420464252799	-5.22166987212142	0.348929072473885	-14.9648461078354	0.0000000000000000000000000000000000000000000000000124611829766432	0.0000000000000000000000000000000000000000000000134196104847163
ENSMUST00000110142	Gpcpd1	protein_coding	32.3934711175081	-5.1921917905407	1.54431093095796	-3.36214144862648	0.000773404948165775	0.0103464580940416
ENSMUST00000128657	Gm14418	protein_coding	45.0824114332899	-5.18426148124143	0.563246285451565	-9.20425329939834	0.0000000000000000000344054943071397	0.00000000000000000575803843576719
ENSMUST00000131837	Ube2m	protein_coding	53.3194975703826	-5.17002958183743	1.2298818091908	-4.20368001478048	0.0000262610116679521	0.000577159714288825
ENSMUST00000128411	Tgtp2	protein_coding	62.895077678144	-5.16974528264332	0.640243299296027	-8.07465738154178	0.000000000000000676663733770639	0.000000000000077058777111563
ENSMUST00000111026	Slc5a12	protein_coding	72.4910157903493	-5.12361242091142	1.27660431595166	-4.01346944929602	0.0000598327496681178	0.00118417688895694
ENSMUST00000176238	1110032A03Rik	protein_coding	37.0055943457647	-5.06307929872257	0.935999576918676	-5.40927520009176	0.0000000632803266056601	0.00000255081753092837
ENSMUST00000105256	Ctdsp2	protein_coding	716.030690301058	-5.00771673458011	0.382086984030231	-13.1062217345354	0.0000000000000000000000000000000000000030333781335496	0.00000000000000000000000000000000000185515414789852
ENSMUST00000038038	Slfn2	protein_coding	235.196085224294	-4.95002135172316	0.278669587199217	-17.7630483522569	0.000000000000000000000000000000000000000000000000000000000000000000000136609571146207	0.000000000000000000000000000000000000000000000000000000000000000000270694597417631
ENSMUST00000179433	Aldh3b3	protein_coding	172.135414284419	-4.94366191521119	0.390701577069471	-12.6532939853789	0.00000000000000000000000000000000000107280730328624	0.000000000000000000000000000000000577660089023846
ENSMUST00000161549	Aox3	protein_coding	31.5533630069867	-4.89195204016634	0.609416898355627	-8.02726680760932	0.00000000000000099668172602392	0.000000000000111201845368858
ENSMUST00000025181	H2-K1	protein_coding	1382.64551353539	-4.78558213738719	0.247450932837972	-19.3395194857509	0.0000000000000000000000000000000000000000000000000000000000000000000000000000000000249791832935415	0.0000000000000000000000000000000000000000000000000000000000000000000000000000000773386738747162
ENSMUST00000019649	Ubb	protein_coding	1337.93176986484	-4.76412376713124	0.522927949624141	-9.11047835663687	0.0000000000000000000820195276772619	0.0000000000000000131491370940977
ENSMUST00000127699	Hspa8	protein_coding	107.174486625799	-4.76018566043031	0.856579954872293	-5.55719945739333	0.0000000274137440403173	0.00000117883858703927
ENSMUST00000108157	Slfn5	protein_coding	242.339444443442	-4.73681085269708	0.377979114221439	-12.5319380740228	0.00000000000000000000000000000000000499274825569706	0.00000000000000000000000000000000254980168134764
ENSMUST00000038455	Skint3	protein_coding	66.2930741423463	-4.73014887250561	0.484295441552304	-9.76707287878685	0.000000000000000000000155890927676162	0.0000000000000000000308900991008868
ENSMUST00000059049	Lrrc4c	protein_coding	40.7654837111831	-4.71651382484937	0.478047970057698	-9.86619360454582	0.0000000000000000000000583364386885222	0.0000000000000000000119911638993859
ENSMUST00000153210	Gm4724	protein_coding	35.8024307526219	-4.71638688978192	0.667634763382024	-7.06432191441052	0.00000000000161402186392	0.000000000127236695687194
ENSMUST00000164243	Srp54b	protein_coding	626.404077787126	-4.69214411182878	0.247373701426352	-18.9678372631123	0.0000000000000000000000000000000000000000000000000000000000000000000000000000000314585485329283	0.0000000000000000000000000000000000000000000000000000000000000000000000000000820207145907475
ENSMUST00000161083	Pygl	protein_coding	34.3548852494529	-4.68203028225148	1.29770968163093	-3.60791812569912	0.000308663854901472	0.00483420488274079
ENSMUST00000097494	9930111J21Rik1	protein_coding	442.55636545968	-4.62000372454094	0.181643118853918	-25.4345100089173	0.000000000000000000000000000000000000000000000000000000000000000000000000000000000000000000000000000000000000000000000000000000000000000000000104759322962494	0.0000000000000000000000000000000000000000000000000000000000000000000000000000000000000000000000000000000000000000000000000000000000000000010379134681832
ENSMUST00000156359	Rplp0	protein_coding	305.466269547315	-4.58530598750677	0.450950600786052	-10.168089319571	0.00000000000000000000000275254976361249	0.000000000000000000000628367788893252
ENSMUST00000106296	Usp36	protein_coding	44.5655066664622	-4.58372171087243	1.51521251714306	-3.02513453328319	0.00248522554489387	0.0265272792594166
ENSMUST00000069245	Spink5	protein_coding	97.5816162547137	-4.57723297210752	0.474149184960138	-9.65357131741633	0.000000000000000000000474730108457588	0.0000000000000000000904506927414308
ENSMUST00000055966	Gabra3	protein_coding	53.8437260452137	-4.55168018251335	0.430082909329327	-10.5832621659188	0.0000000000000000000000000356331467159813	0.00000000000000000000000938933415966108
ENSMUST00000160424	Cacna1i	protein_coding	38.8000280740162	-4.4309491397464	0.558558879700501	-7.93282373761971	0.00000000000000214218371108235	0.000000000000234259374568647
ENSMUST00000176957	Esd	protein_coding	246.962425482953	-4.41518195651052	0.756704940167421	-5.83474710173513	0.00000000538722150772762	0.000000262411188839539
ENSMUST00000020045	Ros1	protein_coding	51.6239517934252	-4.36112146233925	0.838623249465362	-5.20033455442541	0.000000198930126566873	0.00000720892509866113
ENSMUST00000110907	Meis2	protein_coding	39.7226947688008	-4.30985403836623	0.870136512510303	-4.95307802442688	0.000000730486668295396	0.000023331301466162
ENSMUST00000086130	Sec16b	protein_coding	36.825541643347	-4.28113268715112	0.792753635620716	-5.40033182414742	0.0000000665177438399576	0.00000265524254177584
ENSMUST00000108985	Gm14306	protein_coding	128.901676202519	-4.23481919989572	0.276447325902664	-15.318720071059	0.0000000000000000000000000000000000000000000000000000573354320418979	0.0000000000000000000000000000000000000000000000000692751861583301
ENSMUST00000060574	BC048546	protein_coding	137.71815784015	-4.22988958181043	0.947967228215187	-4.46206309238599	0.00000811743163154402	0.000203502696438982
ENSMUST00000108980	Gm14305	protein_coding	86.949081493054	-4.21255511528598	0.649066931503391	-6.49017059847544	0.0000000000857392312192459	0.00000000555935868604581
ENSMUST00000031542	Oasl2	protein_coding	100.59738898636	-4.20216090211516	0.465662905837335	-9.02404045810566	0.000000000000000000181277009779108	0.0000000000000000285082555886903
ENSMUST00000162011	Aox3	protein_coding	139.941467208413	-4.19587961704331	0.414424078039725	-10.1246038523879	0.00000000000000000000000429715268528056	0.000000000000000000000963223301915965
ENSMUST00000106561	Cd300lf	protein_coding	30.4862043215145	-4.19199844744035	1.38947043353986	-3.01697563780517	0.00255310329901195	0.0270885059267248
ENSMUST00000031549	Gm4951	protein_coding	128.436397664159	-4.1814402108604	0.328235774850619	-12.7391361065484	0.000000000000000000000000000000000000358340713801537	0.000000000000000000000000000000000199454857082029
ENSMUST00000131950	Sp110	protein_coding	78.3883500164753	-4.17951930669232	0.624439312719375	-6.69323538982661	0.0000000000218289576074937	0.00000000151239566707696
ENSMUST00000101642	Limk2	protein_coding	45.1555935834668	-4.1788210805817	0.993047556372166	-4.20807750219728	0.0000257552538554327	0.000567302696972176
ENSMUST00000105734	Gm13157	protein_coding	259.558481364554	-4.15821854127722	0.186796548574089	-22.2606818649433	0.0000000000000000000000000000000000000000000000000000000000000000000000000000000000000000000000000000000000000888851883546585	0.00000000000000000000000000000000000000000000000000000000000000000000000000000000000000000000000000000000040029040551937
ENSMUST00000061925	Plcxd3	protein_coding	34.8119759614046	-4.15605225620809	0.472003079774171	-8.80513800502434	0.00000000000000000130691674592725	0.000000000000000186576489221165
ENSMUST00000107979	Fam205a1	protein_coding	40.4648188987349	-4.10128829799143	0.647795822567597	-6.3311434793383	0.000000000243350916389441	0.0000000144893241539665
ENSMUST00000179956	Adgb	protein_coding	42.6889874343668	-4.07528763827322	1.05346541012086	-3.86845889681912	0.000109525394143685	0.00202056666855422
ENSMUST00000080926	Eno1	protein_coding	221.668335717561	-4.06822010913808	0.924461871387157	-4.40063591052566	0.0000107934097958017	0.000261203680734942
ENSMUST00000129005	Hsp90aa1	protein_coding	47.2784517329011	-4.06176055408045	0.811591142212851	-5.00468812782483	0.000000559525442194168	0.000018319743129818
ENSMUST00000027785	Sdccag8	protein_coding	74.6521884570328	-4.04031174192193	1.1396496735666	-3.54522256763128	0.000392281698778313	0.005872726139039
ENSMUST00000010280	Pifo	protein_coding	30.8870737378189	-4.02303825867116	0.763360651335294	-5.2701671898256	0.000000136299550705073	0.00000515027242015858
ENSMUST00000028233	Hc	protein_coding	7544.22193970786	-4.01330085048213	0.218803954795018	-18.3419941117696	0.00000000000000000000000000000000000000000000000000000000000000000000000000382505484520582	0.00000000000000000000000000000000000000000000000000000000000000000000000861298031462754
ENSMUST00000039450	Mcoln3	protein_coding	69.5334001244894	-4.00867819563451	0.321503762113333	-12.4685265555972	0.0000000000000000000000000000000000110856903053874	0.00000000000000000000000000000000554710026614424
ENSMUST00000149494	Klrc2	protein_coding	32.011662045556	-3.99969921850458	0.511302248672171	-7.82257310405269	0.00000000000000517543806331889	0.000000000000543179768603159
ENSMUST00000000109	Cntn1	protein_coding	34.1538735930045	-3.98555812964495	0.52460328406979	-7.59728017469813	0.0000000000000302419324249448	0.00000000000293175117116813
ENSMUST00000175887	Esd	protein_coding	34.0404315035074	-3.9846023616751	1.36422696299685	-2.92077672539323	0.00349159958997589	0.0348749048549458
ENSMUST00000119096	Klra4	protein_coding	34.9302788350404	-3.98223559576261	0.460517632370513	-8.64730319936734	0.00000000000000000527307318067456	0.000000000000000715664381436318
ENSMUST00000141384	Cep85	protein_coding	224.620840606889	-3.98199173874926	0.566314689517234	-7.0314117088218	0.00000000000204454226014608	0.00000000015975163167684
ENSMUST00000111285	Zmym5	protein_coding	225.566011854488	-3.9680843087717	0.314699270216009	-12.6091309523788	0.00000000000000000000000000000000000188055198682495	0.00000000000000000000000000000000100170735831542
ENSMUST00000082405	mt-Co2	protein_coding	7914.57376388541	-3.92829871661783	0.35083110758996	-11.1971220100844	0.0000000000000000000000000000421195111625168	0.0000000000000000000000000135488074283685
ENSMUST00000029043	Fabp12	protein_coding	36.17436141338	-3.89363511092665	0.405052593701799	-9.61266554385566	0.000000000000000000000706947241387515	0.000000000000000000132153782806999
ENSMUST00000064433	Tmod2	protein_coding	74.0025534896549	-3.87846896067658	1.19985097458838	-3.23245889932882	0.00122729789487954	0.0150788400586664
ENSMUST00000153574	Sp100	protein_coding	53.1723190233065	-3.86125424013222	0.411812566428318	-9.37624189961269	0.00000000000000000000683661259966152	0.0000000000000000011883232103931
ENSMUST00000002395	Rec8	protein_coding	33.2137327426749	-3.84065306114462	0.425484784253687	-9.02653444560007	0.000000000000000000177194396833719	0.0000000000000000279549555106649
ENSMUST00000109619	Cep250	protein_coding	44.9792565433249	-3.82753800862267	1.15896283300003	-3.30255457693576	0.000958084416616642	0.0123694516107259
ENSMUST00000106837	Trim12a	protein_coding	40.0456881022326	-3.79734259397582	0.401532657292002	-9.45712017444778	0.0000000000000000000031654087687858	0.000000000000000000564057624417666
ENSMUST00000120564	Igfbp2	protein_coding	104.622058093279	-3.79089846922172	0.586635303584468	-6.46210421714908	0.000000000103256941883525	0.00000000659167833379647
ENSMUST00000138938	Pde4d	protein_coding	34.4421437845215	-3.7227369385265	0.539536485662889	-6.89987987365237	0.00000000000520465317670268	0.000000000387711442206763
ENSMUST00000159014	Aox3	protein_coding	227.358362273841	-3.71309629560535	0.330327618776575	-11.240647419545	0.0000000000000000000000000000257487016378013	0.00000000000000000000000000839170514298291
ENSMUST00000111449	Celf1	protein_coding	54.2581269132774	-3.71112152632127	1.10749149272334	-3.35092553821391	0.000805419563673621	0.0107024877535579
ENSMUST00000110997	Tlr5	protein_coding	76.757647424548	-3.69063523541528	0.406005438382436	-9.09011280764889	0.0000000000000000000989363518551629	0.0000000000000000157591929202606
ENSMUST00000116400	Kansl2	protein_coding	56.3571556214667	-3.67861382608066	1.05120143770349	-3.49943759030349	0.000466240735190426	0.00677519317684462
ENSMUST00000132883	Gm14295	protein_coding	169.553732443929	-3.64246737187364	0.201188881123669	-18.104715089273	0.000000000000000000000000000000000000000000000000000000000000000000000000292520891871259	0.000000000000000000000000000000000000000000000000000000000000000000000630039127892106
ENSMUST00000175807	Pan3	protein_coding	92.7373497863793	-3.64203620173122	0.698305733712357	-5.21553243214732	0.000000183289985540825	0.00000672081369631488
ENSMUST00000086722	Tmem232	protein_coding	68.4003576642399	-3.63039776196893	1.20821850117989	-3.00475266553495	0.00265796892903207	0.027973330105458
ENSMUST00000034281	6430548M08Rik	protein_coding	72.6482185898436	-3.62176543689012	0.898528407387316	-4.03077454993466	0.0000555933490316273	0.00111137341579046
ENSMUST00000033211	Trim30d	protein_coding	81.2840227874275	-3.60500735687137	0.276649333174562	-13.0309634782191	0.00000000000000000000000000000000000000815710697658137	0.00000000000000000000000000000000000492788738299863
ENSMUST00000161490	Prkg2	protein_coding	276.171730736505	-3.59434463793499	0.160027917162923	-22.4607349871062	0.00000000000000000000000000000000000000000000000000000000000000000000000000000000000000000000000000000000000000100511777472015	0.00000000000000000000000000000000000000000000000000000000000000000000000000000000000000000000000000000000000553239159156522
ENSMUST00000127243	Spc25	protein_coding	47.5050381418491	-3.51801692755953	0.382646839343951	-9.19390039544344	0.0000000000000000000378849413319883	0.00000000000000000631900412021561
ENSMUST00000125549	Hc	protein_coding	96.744097806776	-3.49199513427837	0.461425021596377	-7.56784953316408	0.0000000000000379453128086894	0.00000000000363585088185078
ENSMUST00000169834	Nek5	protein_coding	43.7619350205864	-3.46359040306069	0.660462382659985	-5.24419027335248	0.000000156970147486934	0.00000583782820285865
ENSMUST00000102980	Akr1b3	protein_coding	360.291496826522	-3.44280612356267	0.231984213148521	-14.8406914282504	0.0000000000000000000000000000000000000000000000000799278674438542	0.0000000000000000000000000000000000000000000000842439722858223
ENSMUST00000174699	H2-Q6	protein_coding	549.631509546861	-3.44147518052532	0.359832421023265	-9.56410534308917	0.00000000000000000000113176069298237	0.000000000000000000206121916209414
ENSMUST00000023054	Apobec3	protein_coding	38.6849861490156	-3.40690714577064	0.771789586956129	-4.41429529932788	0.0000101339552654804	0.000247420342997224
ENSMUST00000108959	Gm14412	protein_coding	69.0051433396156	-3.38910537981306	0.294294775742659	-11.5160229102286	0.00000000000000000000000000000109551760945625	0.000000000000000000000000000384891853455631
ENSMUST00000102898	Rpl7a	protein_coding	837.413338203884	-3.36196676494959	0.377422495581483	-8.90770106262455	0.000000000000000000521016567230084	0.0000000000000000777413214079636
ENSMUST00000038141	Slfn8	protein_coding	54.3732279832804	-3.30724857595432	0.33508898216714	-9.86976221827756	0.0000000000000000000000562979067320563	0.000000000000000000011668977839718
ENSMUST00000147954	Gapdh	protein_coding	85.1141936828707	-3.29806272768621	1.02013674358411	-3.23296141270132	0.00122514109945157	0.0150598113609509
ENSMUST00000106243	Pabpc4	protein_coding	54.921123432834	-3.28359218533632	0.67028066404109	-4.8988317304869	0.000000964081621254171	0.000029961527825401
ENSMUST00000160276	Sirpa	protein_coding	36.4041052348433	-3.26147974391312	0.781775693425606	-4.17188686133472	0.0000302087632852039	0.000653200225064351
ENSMUST00000019994	Popdc3	protein_coding	57.886149375037	-3.24715154019475	0.596680131335288	-5.44203061182558	0.0000000526766204071919	0.00000215839075412032
ENSMUST00000110961	Zscan21	protein_coding	66.1280304448042	-3.24124600156519	0.72658145039328	-4.46095341384064	0.00000815958280835227	0.000204258083614382
ENSMUST00000169786	Tns1	protein_coding	3173.5259741595	-3.22423992209752	0.347028440514363	-9.29099619996154	0.0000000000000000000152850914555266	0.00000000000000000262914187681902
ENSMUST00000047328	Igfbp2	protein_coding	41.2607326667621	-3.20264382804888	0.699568826593485	-4.57802535833964	0.0000046938580233247	0.000124278107300619
ENSMUST00000074839	Ear2	protein_coding	499.651880451746	-3.20185711090899	0.162206865283218	-19.7393439871885	0.00000000000000000000000000000000000000000000000000000000000000000000000000000000000000990556991304891	0.0000000000000000000000000000000000000000000000000000000000000000000000000000000000327134748235078
ENSMUST00000094434	Ftl1	protein_coding	1388.04550777499	-3.20141372252145	0.331673341695846	-9.65230942635492	0.000000000000000000000480609682060826	0.000000000000000000091220085938426
ENSMUST00000080015	H2-T22	protein_coding	130.659799669647	-3.18300845126469	0.343497468512419	-9.26646844021678	0.0000000000000000000192411223543208	0.00000000000000000327548700752009
ENSMUST00000130665	Tmtc2	protein_coding	51.0036044935477	-3.15127203698913	0.689624216707403	-4.56954956140434	0.00000488773574271974	0.000128860379575759
ENSMUST00000066437	Fam216b	protein_coding	167.569924235282	-3.14557192171901	0.484941433860193	-6.48649857917867	0.0000000000878541077518638	0.00000000567420702713407
ENSMUST00000074085	Rpl10	protein_coding	120.829811686	-3.14540349236769	0.398697852775509	-7.88919095117059	0.00000000000000304151840845693	0.000000000000326834574659739
ENSMUST00000111518	Fmo1	protein_coding	504.247366101332	-3.12963197627337	0.203329525717975	-15.3919208989563	0.0000000000000000000000000000000000000000000000000000185444227858996	0.0000000000000000000000000000000000000000000000000235552209222536
ENSMUST00000107778	Zbbx	protein_coding	77.1572679748867	-3.10218832799631	0.851287396863374	-3.64411400829676	0.000268314473819664	0.00431270681508064
ENSMUST00000106148	Dcxr	protein_coding	50.5832505648679	-3.09017878499521	0.853052859870416	-3.62249390438082	0.000291776338783344	0.00461130482590273
ENSMUST00000023897	Gzma	protein_coding	140.234643666777	-3.08878402410428	0.260151652089715	-11.8730132954877	0.0000000000000000000000000000000163471594751321	0.00000000000000000000000000000622927373906994
ENSMUST00000115333	Zfp182	protein_coding	195.708509412053	-3.05770082184394	0.322708730133579	-9.47511032806044	0.00000000000000000000266478953596582	0.000000000000000000478291101567662
ENSMUST00000014476	Klra8	protein_coding	36.1409747778708	-3.05435531733007	0.402631779271918	-7.5859767523897	0.0000000000000329991592765052	0.00000000000316804719426263
ENSMUST00000150092	Zfp945	protein_coding	61.0666267657092	-3.05230428480876	0.747157309853284	-4.08522307759811	0.0000440344899910915	0.000906641963914668
ENSMUST00000068063	Tgtp1	protein_coding	209.369229685516	-3.03853184695038	0.491628753945829	-6.18054135882619	0.000000000638821571317258	0.0000000355173322109027
ENSMUST00000100691	Ear1	protein_coding	145.473399517212	-3.0334075705893	0.225584978851598	-13.446850876471	0.0000000000000000000000000000000000000000321265371305793	0.0000000000000000000000000000000000000230649912518063
ENSMUST00000063704	Gm13152	protein_coding	34.7471880402626	-3.03280948839054	0.695060274005366	-4.36337624493143	0.0000128070402372623	0.000305163616774171
ENSMUST00000179116	Gm16867	protein_coding	92.6401746547118	-2.99937079761713	0.218498800664612	-13.7271728196855	0.000000000000000000000000000000000000000000698046349437443	0.000000000000000000000000000000000000000531997231668186
ENSMUST00000109829	Aebp1	protein_coding	30.8841931363745	-2.9936955810093	1.06143117535575	-2.82043306294063	0.0047958877948966	0.0446408661374648
ENSMUST00000160168	Aox1	protein_coding	361.816593409598	-2.97370649165462	0.221841957069839	-13.4046171018878	0.000000000000000000000000000000000000000056815749955653	0.0000000000000000000000000000000000000402076945900449
ENSMUST00000168919	Klrk1	protein_coding	62.6176374227674	-2.97138067157606	0.289697263766979	-10.2568475550605	0.00000000000000000000000110247204648725	0.000000000000000000000257614435089081
ENSMUST00000144523	Eef1a1	protein_coding	68.7436571552268	-2.95318657409048	0.55693681689385	-5.30255225460045	0.000000114194764047259	0.00000438185919548652
ENSMUST00000006667	Gvin1	protein_coding	2696.35241673448	-2.95039126618711	0.35901436035876	-8.21803134347832	0.000000000000000206870907223678	0.0000000000000246345456779965
ENSMUST00000043944	Ano5	protein_coding	43.69752604464	-2.94466182449828	0.407832689268202	-7.22026924762224	0.000000000000518847414625749	0.0000000000428377720428839
ENSMUST00000155131	Pirb	protein_coding	83.4281575658854	-2.94204111614775	0.881216678723643	-3.33861261047512	0.000841978949418112	0.0111019305819203
ENSMUST00000114574	Glp1r	protein_coding	381.849106003991	-2.93528709016752	0.206106548232708	-14.2416003534899	0.000000000000000000000000000000000000000000000505558851354189	0.000000000000000000000000000000000000000000410563514399735
ENSMUST00000111062	Gm21451	transcribed_unprocessed_pseudogene	52.906449894916	-2.91756322742171	0.38719084136551	-7.53520723045077	0.0000000000000487559910124821	0.00000000000457438311131883
ENSMUST00000167528	Tdrd5	protein_coding	59.866550349964	-2.90720803465604	0.491118567432906	-5.91956449509152	0.00000000322795237550184	0.000000162671724087091
ENSMUST00000149695	Ilk	protein_coding	41.4422406674029	-2.89425441208611	0.899654422422704	-3.2170735117292	0.00129505411651981	0.0157445370189471
ENSMUST00000123238	Cfh	protein_coding	109.21888343859	-2.8842581692594	0.900949696844719	-3.201353171393	0.00136783766715291	0.0164465879503448
ENSMUST00000002663	Pon1	protein_coding	353.821374465535	-2.8725612817852	0.182634603521767	-15.7284612356762	0.000000000000000000000000000000000000000000000000000000096528510084061	0.000000000000000000000000000000000000000000000000000132828592570673
ENSMUST00000037623	Nrn1	protein_coding	98.7564939323214	-2.84196473141213	0.363448392769941	-7.81944503799487	0.00000000000000530567209411486	0.00000000000055406995776958
ENSMUST00000036315	Gria1	protein_coding	204.183252255107	-2.79380832227236	0.232791730091075	-12.0013211860204	0.00000000000000000000000000000000349669602006841	0.00000000000000000000000000000144349439535124
ENSMUST00000059658	Gm867	antisense	44.9679172886374	-2.76531036702982	0.55251143800541	-5.00498302263697	0.000000558669546557743	0.000018303817458583
ENSMUST00000077698	Calml3	protein_coding	36.1914225308445	-2.76348225796569	0.78003800061605	-3.54275337327563	0.000395972831646392	0.00591547108989716
ENSMUST00000079287	Nme5	protein_coding	85.1589429442232	-2.73419993782892	0.480754664050838	-5.68730818915112	0.0000000129057428946974	0.00000058815518998852
ENSMUST00000102532	Sema3b	protein_coding	62.597455311159	-2.73361404808476	0.85584207279322	-3.19406364209584	0.00140285187087984	0.0168023394534926
ENSMUST00000040999	Aox3	protein_coding	1829.99785932929	-2.73144797195287	0.143083252740779	-19.089920865172	0.00000000000000000000000000000000000000000000000000000000000000000000000000000000306232948064544	0.00000000000000000000000000000000000000000000000000000000000000000000000000000892362810660082
ENSMUST00000173788	H2-Q7	protein_coding	670.113505396359	-2.72794774158064	0.266837999409476	-10.2232356246776	0.00000000000000000000000156043577990566	0.000000000000000000000361219007780217
ENSMUST00000168657	Tubgcp3	protein_coding	60.833099220755	-2.71000252846109	0.360812483763794	-7.51083360584385	0.0000000000000587520308055862	0.00000000000547078590610362
ENSMUST00000103230	Nppa	protein_coding	37.4274766120121	-2.69108961568151	0.84834039316136	-3.17218139955957	0.00151298469063899	0.0178793500965826
ENSMUST00000034702	Lysmd2	protein_coding	68.9336480888959	-2.68141198712463	0.352111600364448	-7.61523330770491	0.0000000000000263215585680435	0.0000000000025667664731176
ENSMUST00000135176	Gm14296	protein_coding	69.8090835414718	-2.67412251191751	0.313857990587172	-8.52016705681033	0.0000000000000000159323341501336	0.00000000000000205535408627426
ENSMUST00000101354	Slbp	protein_coding	105.818738251001	-2.67128071967021	0.903772754346196	-2.95569954595794	0.00311960824156581	0.0319097982801336
ENSMUST00000029671	Ifi44	protein_coding	126.394812905901	-2.67070223064077	0.250195302404813	-10.6744699239781	0.0000000000000000000000000134020229621332	0.0000000000000000000000036082033342291
ENSMUST00000030303	Cyp2j6	protein_coding	187.33672688867	-2.65783409769283	0.221269736980428	-12.0117379536991	0.00000000000000000000000000000000308296977995777	0.00000000000000000000000000000129427251660634
ENSMUST00000072217	Ggt5	protein_coding	55.8870190437685	-2.65043716603168	0.26523348932571	-9.99284506933779	0.0000000000000000000000163811300255734	0.00000000000000000000354361755112163
ENSMUST00000054791	Vtcn1	protein_coding	46.4485570106894	-2.65018591265336	0.592400909498482	-4.47363579319447	0.00000769006825997105	0.000193966701355624
ENSMUST00000041550	Mgl2	protein_coding	82.7889493048101	-2.62595377243761	0.868177127370017	-3.02467513788626	0.00248900316933486	0.0265504390616947
ENSMUST00000132417	0610037L13Rik	protein_coding	156.187226767141	-2.60953458447425	0.168810862176965	-15.4583333727581	0.00000000000000000000000000000000000000000000000000000662916071079425	0.00000000000000000000000000000000000000000000000000887555035922501
ENSMUST00000129847	Rps19	protein_coding	222.4837153469	-2.60136541743022	0.295960126694985	-8.78958069953518	0.00000000000000000150119183458735	0.00000000000000021308321232604
ENSMUST00000058593	Egflam	protein_coding	196.406812329352	-2.58495799374119	0.522622494680732	-4.94612845801888	0.000000757040117152555	0.0000241017052207605
ENSMUST00000144914	Gm281	protein_coding	157.177557032646	-2.5792424661496	0.477688407417876	-5.39942444927978	0.0000000668550307372198	0.00000266655757863156
ENSMUST00000048208	Ccdc122	protein_coding	32.2241469327037	-2.57394912527204	0.49953897822926	-5.15264921747655	0.000000256832108604877	0.00000910733643240399
ENSMUST00000079063	Sox11	protein_coding	425.654826989661	-2.56904327783285	0.195749711872951	-13.124122908034	0.00000000000000000000000000000000000000239540046500279	0.00000000000000000000000000000000000148329185294135
ENSMUST00000096127	Ccdc50	protein_coding	89.4574628185877	-2.55802746770636	0.399478085461166	-6.40342376917452	0.000000000151930729740291	0.00000000939618538061738
ENSMUST00000176734	Otud7a	protein_coding	89.204033434407	-2.54635773044763	0.230121849587213	-11.0652584055587	0.000000000000000000000000000184929090566356	0.0000000000000000000000000574941177475458
ENSMUST00000133141	Osbpl3	protein_coding	99.7616117438355	-2.53467318769021	0.267904963766547	-9.46109079897053	0.00000000000000000000304747315755782	0.000000000000000000545002618336098
ENSMUST00000026420	Rps26	protein_coding	53.0874225634002	-2.51880784235946	0.716331232751546	-3.51626137071297	0.000437669894498694	0.00643170905775031
ENSMUST00000121728	Gm13301	transcribed_unprocessed_pseudogene	280.51741500743	-2.51394270437586	0.294838139053674	-8.52651801576528	0.000000000000000015081869751103	0.00000000000000195582634484329
ENSMUST00000133719	Appl2	protein_coding	60.5049230254553	-2.504160696791	0.272520785393451	-9.18887964151295	0.0000000000000000000396954048050211	0.00000000000000000659876162158099
ENSMUST00000002013	Spa17	protein_coding	68.4266490432202	-2.48460185999241	0.429936770441616	-5.77899363536716	0.00000000751487689866962	0.000000356018853816863
ENSMUST00000119467	Gm12250	processed_pseudogene	54.4193596947641	-2.4375777014329	0.397650311301834	-6.12995295653792	0.000000000879050614780097	0.0000000480114766868539
ENSMUST00000113444	Agfg1	protein_coding	34.6373862882539	-2.42737158873545	0.806697108619133	-3.0090247786936	0.00262087739547327	0.0276593575664582
ENSMUST00000076051	Slc8b1	protein_coding	75.3825973056192	-2.42481523847131	0.592847380067669	-4.09011715324529	0.0000431155353000922	0.000891798491731093
ENSMUST00000009772	Tex15	protein_coding	424.436637820317	-2.42375795896875	0.190519051168946	-12.7218666274978	0.000000000000000000000000000000000000447051442655498	0.00000000000000000000000000000000024606704851409
ENSMUST00000112063	Klrd1	protein_coding	46.7820437581777	-2.42163887943548	0.753559623572514	-3.21359956622258	0.00131082341750355	0.0159038869596598
ENSMUST00000022642	Adam28	protein_coding	35.004845069811	-2.40391764886392	0.427025765673208	-5.62944403383748	0.0000000180791421839311	0.00000080323277623998
ENSMUST00000109042	Gm8923	protein_coding	74.2418888173007	-2.37981195067883	0.277595267850599	-8.57295576075757	0.0000000000000000100862257352646	0.00000000000000133240386792944
ENSMUST00000121956	Gm14306	protein_coding	74.2418888173007	-2.37981195067883	0.277595267850599	-8.57295576075757	0.0000000000000000100862257352646	0.00000000000000133240386792944
ENSMUST00000032472	Klrb1b	protein_coding	47.3046003245354	-2.36603677465345	0.31921525224735	-7.41204174298063	0.000000000000124369594736799	0.0000000000112427390220284
ENSMUST00000103009	Rps20	protein_coding	413.880491633743	-2.36389691742613	0.506228487358777	-4.66962444124716	0.00000301750868470679	0.0000837899917169311
ENSMUST00000031325	Areg	protein_coding	32.348550708678	-2.36343246989779	0.705951798310743	-3.34786663275481	0.00081436190993729	0.0108079166466668
ENSMUST00000022591	Epsti1	protein_coding	96.5820917223386	-2.34800917364507	0.284914762380881	-8.24109342044619	0.000000000000000170643920146367	0.0000000000000204681804266603
ENSMUST00000106729	Scube2	protein_coding	313.008564850132	-2.34338918230015	0.310606305306064	-7.54456410661407	0.0000000000000453802764076159	0.00000000000429016819213832
ENSMUST00000135737	Upp2	protein_coding	30.0367509652897	-2.34038402133679	0.373615898432778	-6.26414462327246	0.000000000374877437157715	0.0000000216189505028159
ENSMUST00000025230	C2	protein_coding	40.4497977270228	-2.33176400037971	0.705001972620747	-3.30745741279517	0.000941470256738384	0.012194994540659
ENSMUST00000020003	Fam184a	protein_coding	37.4337459274309	-2.32677110277788	0.627742841012734	-3.70656732464542	0.000210087407198495	0.00351242321221702
ENSMUST00000081851	Tmeff2	protein_coding	57.4163873232976	-2.32609759437904	0.375762287560943	-6.19034339363228	0.000000000600332861587656	0.0000000334901906501456
ENSMUST00000039317	Tmc3	protein_coding	47.626043952885	-2.31304016220377	0.304491725716741	-7.59639742840013	0.0000000000000304488435921768	0.00000000000294604455833838
ENSMUST00000152417	C2	protein_coding	113.597713849902	-2.31025869577238	0.176003966494887	-13.126174039035	0.00000000000000000000000000000000000000233141298625094	0.00000000000000000000000000000000000146194350016328
ENSMUST00000156341	Tatdn3	protein_coding	35.6914944540637	-2.30993835081822	0.411944595993387	-5.60740054192944	0.0000000205387966649419	0.000000901995486868699
ENSMUST00000107071	Gm12695	protein_coding	73.3978494009124	-2.30778650295702	0.53845316148462	-4.28595589743406	0.0000181955085744545	0.000417300511000613
ENSMUST00000138287	Srpr	protein_coding	111.320307612129	-2.28956203740059	0.463478000171952	-4.93995839403629	0.000000781392420255925	0.0000247814453998963
ENSMUST00000101295	9930111J21Rik2	protein_coding	2664.39201989213	-2.27550843914212	0.0936850999810461	-24.2889044213273	0.000000000000000000000000000000000000000000000000000000000000000000000000000000000000000000000000000000000000000000000000000000000256799174641848	0.00000000000000000000000000000000000000000000000000000000000000000000000000000000000000000000000000000000000000000000000000000181733107334398
ENSMUST00000070943	Trim12a	protein_coding	105.674164512289	-2.27489437210449	0.299651818750702	-7.59179230611348	0.0000000000000315510462969684	0.00000000000304673631863396
ENSMUST00000025581	Ms4a4d	protein_coding	260.642487611183	-2.26542456210349	0.121463636991539	-18.6510516086498	0.0000000000000000000000000000000000000000000000000000000000000000000000000000123817793270754	0.000000000000000000000000000000000000000000000000000000000000000000000000030668429215233
ENSMUST00000037547	Disp2	protein_coding	159.427044848119	-2.26273047277795	0.208450634457596	-10.8549944147004	0.00000000000000000000000000188818340944568	0.000000000000000000000000537567986994943
ENSMUST00000177115	Vmn2r-ps21	unprocessed_pseudogene	96.0763422737732	-2.25511707037997	0.260992712240791	-8.64053655375408	0.00000000000000000559496355193908	0.000000000000000755213363585717
ENSMUST00000088790	Ret	protein_coding	36.7203561697961	-2.24428651324596	0.659344951295166	-3.40381238809436	0.000664523788390093	0.00910879342259779
ENSMUST00000082402	mt-Co1	protein_coding	74312.7104024563	-2.24331796201015	0.146902246147361	-15.2708213852621	0.000000000000000000000000000000000000000000000000000119656327496089	0.000000000000000000000000000000000000000000000000141131789321459
ENSMUST00000110689	C7	protein_coding	1737.03457241107	-2.24322414584694	0.129506787333995	-17.3212863358406	0.000000000000000000000000000000000000000000000000000000000000000000325010673572457	0.000000000000000000000000000000000000000000000000000000000000000555185474049393
ENSMUST00000052072	Tmem221	protein_coding	35.1720640276079	-2.24266101475141	0.37697287008264	-5.94913107211077	0.00000000269569711394288	0.000000137104151571358
ENSMUST00000106766	Gm4070	protein_coding	2462.72646493394	-2.23211917679843	0.398124746669683	-5.6065823475434	0.0000000206360815338856	0.000000905465196656887
ENSMUST00000023570	Btg3	protein_coding	430.446128572649	-2.23147171809303	0.202113894543984	-11.0406645872999	0.000000000000000000000000000243227459613587	0.0000000000000000000000000734695237459627
ENSMUST00000020366	Gabrp	protein_coding	820.367371699966	-2.22640710765024	0.363892884773462	-6.11830349207368	0.000000000945768152387638	0.0000000515074054192686
ENSMUST00000125416	Col14a1	protein_coding	43.6037154618195	-2.22382108069191	0.474972101901269	-4.68200357829473	0.00000284084521042623	0.000079553301319443
ENSMUST00000149260	Htr2c	protein_coding	46.7092204675388	-2.21732932070417	0.328404697567939	-6.75181974291176	0.0000000000146002203041874	0.00000000103619729717598
ENSMUST00000114094	Mdh1b	protein_coding	43.4185974317123	-2.21673179221457	0.474292170981028	-4.67376846560523	0.00000295722704272967	0.0000823468877137394
ENSMUST00000100069	Scn3a	protein_coding	810.756887841271	-2.20345500167689	0.355111272814483	-6.20497058348248	0.000000000547071347397228	0.0000000306223959405241
ENSMUST00000166825	Naalad2	protein_coding	81.2591860530243	-2.20147580214824	0.46559849445723	-4.72827087792585	0.00000226439960731416	0.0000648029045332922
ENSMUST00000034173	Ces1e	protein_coding	44.5834752524014	-2.1949233623684	0.272668607064302	-8.04978389701746	0.000000000000000829403532444489	0.0000000000000938059182425459
ENSMUST00000059699	C2cd4c	protein_coding	38.7673365030201	-2.19266605022325	0.351447932876028	-6.23894991294971	0.000000000440518004777068	0.0000000251120608983273
ENSMUST00000137828	Oasl2	protein_coding	38.9953635569578	-2.19264597519922	0.732308339131251	-2.99415677527363	0.00275204495475736	0.028779987960475
ENSMUST00000134091	Snrpb2	protein_coding	36.77740343017	-2.19155407024687	0.485667624049801	-4.51245658908106	0.00000640810533182345	0.000163884729957599
ENSMUST00000095576	Scel	protein_coding	756.124454625523	-2.17945383335832	0.301929306937964	-7.21842425785491	0.000000000000525934165571444	0.000000000043278615770894
ENSMUST00000159498	Alms1-ps1	unprocessed_pseudogene	30.0154655198744	-2.16676727004341	0.429426962346243	-5.04571780543292	0.000000451821858423174	0.0000150926171426616
ENSMUST00000050385	Klri2	protein_coding	63.6067396438972	-2.16648127629022	0.341046591463978	-6.35244957878152	0.000000000211912897945976	0.00000001272453471327
ENSMUST00000082032	Gm4956	transcribed_unprocessed_pseudogene	385.923544904495	-2.14835357864101	0.223627960491219	-9.60682006812545	0.000000000000000000000748241159771634	0.000000000000000000139347257792358
ENSMUST00000007423	Scube2	protein_coding	174.083062905568	-2.13521382680937	0.282368502006929	-7.56179889624152	0.0000000000000397532678124525	0.00000000000380173239554686
ENSMUST00000055693	Cyp2j9	protein_coding	97.0044666493706	-2.12987037788554	0.219586535829829	-9.69945798287061	0.000000000000000000000303104507208614	0.0000000000000000000588831022670601
ENSMUST00000138595	Crocc2	protein_coding	81.8863753903484	-2.12230728637073	0.653955407396624	-3.2453394564311	0.00117310691010644	0.0145549562481877
ENSMUST00000148758	Fastkd2	protein_coding	78.9219415449936	-2.11920763664038	0.449692958491446	-4.71256575542018	0.00000244617108943822	0.0000695229050077972
ENSMUST00000027931	Nek2	protein_coding	46.5159713905654	-2.11553758378731	0.532190202360567	-3.97515319598838	0.0000703339670932243	0.00137389750073507
ENSMUST00000093508	Sp110	protein_coding	131.466870493227	-2.11518702532879	0.278804264074091	-7.58663800337966	0.0000000000000328312650028198	0.00000000000316039365650143
ENSMUST00000139212	Dna2	protein_coding	43.0912909021676	-2.10879641127168	0.442654965223795	-4.76397324540462	0.00000189817683872423	0.0000553780236965375
ENSMUST00000151671	Clec12a	protein_coding	32.6899773286336	-2.10843634238462	0.339591896212472	-6.20873573810323	0.000000000534125533326747	0.0000000299315731560412
ENSMUST00000163761	Fam184a	protein_coding	43.9099587825945	-2.10776332816296	0.520698048259217	-4.04795703615478	0.0000516666271531218	0.0010429752958074
ENSMUST00000110340	Cox16	protein_coding	66.1313444344499	-2.10609282491848	0.25656913866999	-8.20867558676813	0.000000000000000223641579873746	0.0000000000000264409465006817
ENSMUST00000136060	Csgalnact1	protein_coding	49.3290848890576	-2.1059036188195	0.438333964254697	-4.80433594143266	0.00000155265949608553	0.000046278968782843
ENSMUST00000177098	Apobec3	protein_coding	125.529601535126	-2.10490738037237	0.256197022378615	-8.21597128971187	0.000000000000000210453810951298	0.0000000000000250011052443774
ENSMUST00000029271	Trpc3	protein_coding	35.6072128862162	-2.1047167572918	0.360941788791452	-5.83118060211055	0.00000000550365764620268	0.000000267294306350577
ENSMUST00000029549	Tpm3	protein_coding	1222.16877045236	-2.10225139164132	0.18251029922357	-11.5185356694097	0.00000000000000000000000000000106403874421682	0.000000000000000000000000000376502509364377
ENSMUST00000031239	Abcg3	protein_coding	104.409874596468	-2.10117325500135	0.18989559286095	-11.0648868851839	0.000000000000000000000000000185697017231364	0.0000000000000000000000000574941177475458
ENSMUST00000124496	Tex15	protein_coding	103.648133391876	-2.09716396614705	0.264993253329188	-7.91402777164988	0.00000000000000249192675333625	0.000000000000271307840674223
ENSMUST00000170127	Oxr1	protein_coding	105.87315718511	-2.09621933729053	0.491661595076055	-4.26354093605026	0.0000201212617394868	0.000456395175847389
ENSMUST00000044441	Tmem132d	protein_coding	137.005601231577	-2.09568024646403	0.212962394159183	-9.84061178847179	0.0000000000000000000000752518267048588	0.0000000000000000000152156122094094
ENSMUST00000164300	Gbe1	protein_coding	115.463084432047	-2.07929025583064	0.209399920749643	-9.92975665122922	0.0000000000000000000000309008746363044	0.00000000000000000000651390437333296
ENSMUST00000042101	Agr3	protein_coding	64.1439908148842	-2.07885684469055	0.600215213987554	-3.46351907823125	0.000533158785404091	0.0075699684469326
ENSMUST00000114895	Cfap53	protein_coding	47.4899155113924	-2.07181086808421	0.366800894921066	-5.6483255541949	0.0000000162018142403506	0.00000072633979532895
ENSMUST00000173167	H2-D1	protein_coding	135.279742517485	-2.06133632611852	0.486949093987658	-4.233165954244	0.0000230424340609998	0.000515106542650636
ENSMUST00000050519	Elfn1	protein_coding	40.6345522344014	-2.06109684276395	0.520612064616878	-3.95898785841763	0.000075268062705578	0.0014616343748761
ENSMUST00000042166	Fam103a1	protein_coding	402.075813470561	-2.06018088111595	0.237798977408703	-8.66353969880677	0.00000000000000000457337181118949	0.000000000000000624120365792575
ENSMUST00000073043	Cxcl12	protein_coding	1277.10396774254	-2.05317499092724	0.233963182953994	-8.77563283677403	0.00000000000000000169945452023237	0.000000000000000240535937209346
ENSMUST00000114444	Pcnp	protein_coding	228.099028208097	-2.0455865089945	0.543333703103514	-3.76488058316673	0.000166628696739643	0.00290343031272895
ENSMUST00000151649	Dhtkd1	protein_coding	421.505435128952	-2.04320051694337	0.173235281173432	-11.7943671930076	0.0000000000000000000000000000000417325767466218	0.000000000000000000000000000015661730203592
ENSMUST00000112525	Pla2r1	protein_coding	516.996296338058	-2.03968459893446	0.167396370321519	-12.1847600101294	0.000000000000000000000000000000000374754868570903	0.000000000000000000000000000000171894506289495
ENSMUST00000096106	Muc4	protein_coding	243.652033909888	-2.03603001024763	0.648754851708909	-3.13836575539196	0.00169892736685679	0.0195761529406979
ENSMUST00000078748	Slc10a5	protein_coding	77.4344585169942	-2.02729203626033	0.342287401157759	-5.92277726087252	0.00000000316549470658984	0.000000159849415672831
ENSMUST00000021119	Aspa	protein_coding	83.2036281287319	-2.01821628628856	0.468826703637556	-4.30482366006356	0.0000167118799520313	0.000386579302014104
ENSMUST00000058440	Dnah10	protein_coding	482.11425281987	-2.0097480490817	0.450054008741398	-4.46557082049347	0.00000798555504131559	0.000200602649917186
ENSMUST00000153134	Glul	protein_coding	77.0706016447037	-2.00890729283828	0.209880287052626	-9.57168165266784	0.0000000000000000000010518071807073	0.000000000000000000192979348584734
ENSMUST00000023336	Cd96	protein_coding	44.5768711893702	-2.00716574583733	0.344499626426	-5.82632198084102	0.00000000566622474247178	0.000000274114688762272
ENSMUST00000044773	Frmpd1	protein_coding	33.8040495631689	-2.00588842760808	0.346584261847627	-5.78759236473916	0.00000000714024275821507	0.000000340108986304287
ENSMUST00000069293	Dnah7b	protein_coding	404.245359849712	-2.00310629632055	0.414394384293394	-4.83381622011155	0.00000133940245997631	0.000040413037202576
ENSMUST00000148869	Rnf38	protein_coding	69.4383533352878	-2.00214798475962	0.305562856286892	-6.55232775700922	0.0000000000566470400126061	0.00000000373659263401396
ENSMUST00000087316	Capn6	protein_coding	48.46697960781	-2.00108862119068	0.337861606986449	-5.92280560978608	0.00000000316494886216486	0.000000159849415672831
